ticker,last_close,median_dollar_volume
OPEN,3.759999990463257,333770225.98354816
GRAB,3.740000009536743,150943684.2338562
KEEL,3.930000066757202,122505174.43666458
EOSE,3.819999933242798,113912609.80570316
NIO,4.650000095367432,108852584.00731087
BBD,3.4800000190734863,103993680.54127693
AMC,2.6700000762939453,102114358.71863365
PLUG,2.0999999046325684,101747564.26792145
BBAI,3.0299999713897705,74745818.49718094
BTE,4.090000152587891,74145628.27534676
BTG,4.099999904632568,70613005.2892685
DNN,3.0899999141693115,66384667.958021164
RXRX,3.1700000762939453,64310319.88825798
ABEV,3.0299999713897705,63942030.41610718
IOVA,4.340000152587891,60001409.428691864
HIVE,2.8399999141693115,44201682.927918434
RXT,4.75,42000251.86300278
KOS,2.3499999046325684,38869092.13528633
BTBT,1.3799999952316284,37711409.4550848
HTZ,1.559999942779541,35358178.03906202
LAES,2.4600000381469727,35109282.60002136
SOC,4.630000114440918,33896069.2568779
UWMC,1.840000033378601,29512860.721683502
CAPR,3.930000066757202,28483065.250205994
ENVX,4.289999961853027,26843334.943771362
LAC,3.0899999141693115,25622267.552232742
MPT,4.659999847412109,24763092.612075806
COTY,2.8299999237060547,24075870.168209076
SPCE,2.890000104904175,23119375.233840942
GTM,3.6600000858306885,22190475.450325012
RZLV,2.7100000381469727,21518082.082414627
BATL,1.2999999523162842,21423741.937327385
CLOV,4.139999866485596,20889668.833637238
SATL,4.820000171661377,20000370.4890728
BLDP,2.640000104904175,18179639.751434326
INDI,3.390000104904175,17907306.2128067
MNKD,4.099999904632568,17434409.922122955
TLRY,4.425000190734863,17003304.14543152
SKYQ,4.0,16130280.45244217
VZLA,3.5899999141693115,16075230.537056923
BYND,0.6100999712944031,16064462.490302324
ASPI,4.050000190734863,15941147.734451294
BORR,3.890000104904175,15904821.21720314
USAS,4.809999942779541,15172546.109342575
WIT,2.0,15098748.913097382
TMC,4.019999980926514,14631391.21017456
WTI,3.25,14380993.361973763
SLNH,1.1799999475479126,14085568.059968948
KOPN,3.950000047683716,13915823.929595947
DGXX,3.75,13700985.758590698
ARDX,4.909999847412109,13674374.47309494
NRGV,3.009999990463257,13277002.302503586
GERN,1.6299999952316284,13192424.170017242
IAUX,1.5099999904632568,11993459.71608162
CCO,2.4200000762939453,11831189.192995071
SIDU,2.069999933242798,11763609.029996395
TBLA,3.8350000381469727,11762520.379543304
OTLK,1.0299999713897705,11538872.385501862
ALLO,1.9500000476837158,11475429.85600233
EVH,3.0799999237060547,11261948.039197922
CTMX,3.3499999046325684,11250295.97146511
CLVT,1.940000057220459,11209000.242948532
CCCC,3.619999885559082,10486979.852199554
SES,0.5112000107765198,10467592.766070366
RR,1.5499999523162842,10391166.030585766
LPL,3.259999990463257,10181754.863238335
PRME,3.0799999237060547,10035109.843111038
BBBY,4.619999885559082,9792194.791316986
HYLN,3.940000057220459,9604656.028270721
CIG,2.140000104904175,9509880.421829224
PSEC,2.1700000762939453,9348166.155052185
PACB,1.2999999523162842,9210960.366010666
ALT,3.0299999713897705,9189547.533229351
UROY,3.559999942779541,9082556.654014587
RWT,4.570000171661377,9047279.89768982
TIGR,4.809999942779541,9044359.26194191
SLDP,2.140000104904175,9017994.484519958
ESRT,4.889999866485596,8589387.455479145
URG,1.2999999523162842,8519544.338536263
SANA,3.509999990463257,8476965.256643295
ORBS,0.6708999872207642,8177372.700834274
BUR,4.269999980926514,8035859.635066986
IRWD,4.150000095367432,7795340.769481659
DNUT,3.0999999046325684,7755480.129003525
REAX,1.7300000190734863,7693355.802297592
BGS,3.5199999809265137,7605467.979335785
IQ,1.2899999618530273,7587063.239192963
NABL,4.989999771118164,7507655.724620819
ABAT,2.319999933242798,7469696.186065674
NAK,1.690000057220459,7430401.281580448
CABA,2.7100000381469727,7402725.0
ABUS,4.619999885559082,7306031.908321381
AQST,3.755000114440918,6767712.034606934
CERS,2.2699999809265137,6602927.9582977295
RZLT,4.679999828338623,6420299.884504795
BDN,3.200000047683716,6414078.214287758
ACDC,4.505000114440918,6394815.078020096
AGNT,4.050000190734863,6381022.350514412
OCGN,1.2799999713897705,6335909.952044487
MYGN,3.1500000953674316,6197268.199968338
LXRX,2.450000047683716,6130656.026101112
XRX,3.140000104904175,6023232.239341736
DDD,3.569999933242798,5977180.12714386
SABR,2.119999885559082,5887363.064908981
VIVK,1.4600000381469727,5881875.975179672
GOGO,4.460000038146973,5812099.831104279
BMBL,3.0399999618530273,5714086.130189896
MNTS,4.239999771118164,5475527.976894379
FULC,3.7699999809265137,5452650.0
XXI,4.539999961853027,5364700.0
LRMR,4.099999904632568,5348594.893455505
BTQ,4.03000020980835,5344395.073866844
SRXH,1.3899999856948853,5306983.077073097
ANGX,4.239999771118164,5302120.861148834
NXDR,2.450000047683716,5301733.977627754
EVGO,1.5299999713897705,5278423.840475082
INV,3.4200000762939453,5274623.9501953125
FFAI,4.849999904632568,5229636.085388064
ITRG,2.390000104904175,5189140.1124715805
RCKT,3.5,5095328.084754944
MDXG,4.159999847412109,5039615.905761719
NNBR,3.9000000953674316,4980583.968544006
SFIX,4.119999885559082,4939503.108429909
ZNTL,4.949999809265137,4931808.076477051
REI,1.2300000190734863,4916040.195345879
GROY,2.890000104904175,4814666.806483269
CMPX,1.8899999856948853,4805191.740608215
GEVO,1.5299999713897705,4752508.861130476
FATE,2.5999999046325684,4705427.951574326
PTLO,4.670000076293945,4686689.897251129
GSM,4.150000095367432,4673459.932470322
GTN,4.349999904632568,4660220.125675201
GAU,1.9299999475479126,4572275.058925152
PALI,2.119999885559082,4538159.920692444
KPTI,1.909999966621399,4508304.711214185
MRLN,4.150000095367432,4463830.198001862
BIYA,2.859999895095825,4379114.579375029
AIOT,4.21999979019165,4343567.918777466
DVLT,0.2824999988079071,4282047.055184841
GEMI,4.03000020980835,4262906.058216095
HNST,3.8499999046325684,4131090.0599956512
EMBC,3.569999933242798,4097925.0
EDIT,2.75,4038912.1604919434
MVST,0.8431000113487244,4027360.0600123405
PLTK,3.890000104904175,4020715.77842927
IVA,4.71999979019165,3984287.9013061523
BTGO,5.0,3970075.955104828
OPTU,0.7840999960899353,3962611.2510681152
AREC,2.140000104904175,3949492.131948471
DOMO,3.799999952316284,3913076.9268274307
FIP,3.4100000858306885,3890700.0
PHK,4.659999847412109,3887970.186138153
SLI,2.25,3886681.963300705
BCAR,4.400000095367432,3864041.127681732
BAK,2.259999990463257,3828708.1051826477
TMQ,3.5199999809265137,3811093.0683612823
WOOF,2.9200000762939453,3804750.108718872
OPK,1.350000023841858,3734016.148376465
ELDN,3.440000057220459,3679390.092611313
KDK,4.230000019073486,3655257.1692943573
MX,3.6700000762939453,3642475.0757217407
GPUS,0.12039999663829803,3610991.919288039
AKBA,1.2899999618530273,3558060.1413846016
LXEO,4.449999809265137,3555887.955379486
VTEX,4.400000095367432,3552626.0984420776
BYRN,4.670000076293945,3523007.962036133
FWDI,4.230000019073486,3521859.114408493
CTKB,4.179999828338623,3506176.171875
GCTS,2.2699999809265137,3477179.8420906067
OGG,2.700000047683716,3447815.956735611
CATX,2.940000057220459,3420846.0329532623
NNDM,1.559999942779541,3405450.0
GRNT,4.630000114440918,3401451.127767563
LODE,3.0999999046325684,3356304.065322876
ECC,3.859999895095825,3355676.90076828
IRD,3.7799999713897705,3354735.9169006348
ASTL,4.460000038146973,3349130.898141861
VIVO,3.7799999713897705,3326462.884902954
ACB,2.9100000858306885,3313274.1441726685
ANGI,4.784999847412109,3274199.938774109
IMRX,4.389999866485596,3248460.362482071
KULR,2.75,3236183.975505829
EGHT,2.309999942779541,3231576.0095119476
CDZI,3.25,3227624.087667465
GPRO,0.7214999794960022,3205187.98892498
NRXP,3.055000066757202,3202836.043739319
OVID,2.619999885559082,3188595.8582639694
BLND,2.009999990463257,3182762.9135012627
EU,1.149999976158142,3175750.0
MGNX,3.9000000953674316,3161983.1187725067
LX,1.4800000190734863,3148330.040574074
WRN,2.309999942779541,3141225.0
EVTL,1.2999999523162842,3123629.989206791
AIIO,2.9800000190734863,3042171.029305458
DPRO,4.360000133514404,3012680.0652980804
GOSS,0.1776999980211258,3008250.6957560778
CLNE,1.8799999952316284,3007509.8764896393
BZAI,0.9351000189781189,2960961.54845953
FJET,3.7300000190734863,2894287.0116710663
TVRD,2.0,2861438.0651950836
ACCO,4.360000133514404,2852013.8828754425
UIS,2.930000066757202,2822259.9645853043
ZSQR,4.110000133514404,2793984.1369628906
RERE,4.360000133514404,2771263.850402832
NCT,3.4600000381469727,2771060.007572174
QTEX,1.0800000429153442,2758029.3302357197
HUMA,0.7287999987602234,2746598.362970352
CSAN,3.0399999618530273,2644078.015613556
NAGE,2.9600000381469727,2613674.0232229233
GDRX,3.2699999809265137,2607711.967277527
LFMD,3.680000066757202,2579640.0592803955
ENGS,2.6600000858306885,2564869.617176056
SID,0.9817000031471252,2523350.0772714615
BWEN,4.510000228881836,2495886.104106903
STIM,2.3499999046325684,2492854.071843624
TV,2.740000009536743,2492100.0440120697
QSI,0.7565000057220459,2478015.8319354057
SITC,3.2799999713897705,2447158.5193276405
AIV,2.6500000953674316,2424993.975043297
NEOV,2.869999885559082,2414809.98980999
JQC,4.789999961853027,2367452.046585083
VERI,1.2000000476837158,2358719.892883301
AMPY,3.880000114440918,2314500.0
AVXL,3.200000047683716,2307565.032482147
PYXS,3.130000114440918,2300676.053953171
EVEX,2.6600000858306885,2300354.95698452
CRON,2.7200000286102295,2294875.0
ZCMD,1.1799999475479126,2286441.990351677
VUZI,2.559999942779541,2246786.110138893
BSIN,1.2000000476837158,2224680.0884008408
LESL,1.3600000143051147,2219698.571205139
HRZN,4.380000114440918,2216592.0880794525
MVIS,3.174999952316284,2204418.0516958237
OXSQ,1.5,2191898.05727005
ALVO,3.759999990463257,2152120.023727417
TYGO,1.2899999618530273,2118841.912984848
ZENA,1.3899999856948853,2114884.978234768
RGP,4.449999809265137,2111583.9447021484
STAK,1.8899999856948853,2106217.908000946
XFOR,4.150000095367432,2103270.051431656
CRBU,1.6100000143051147,2097206.0700654984
SHMD,4.440000057220459,2095255.9337615967
IHRT,3.809999942779541,2087070.0545310974
ENIC,4.489999771118164,2065800.0447750092
LBGJ,3.5399999618530273,2054145.6816244125
HLLY,3.0399999618530273,2031285.9112739563
SIGA,3.1500000953674316,2030263.941001892
LASE,1.100000023841858,2020267.0990347862
VGZ,1.9900000095367432,2009648.0334281921
VYGR,3.0999999046325684,2008320.0299263
TLS,4.679999828338623,2007002.9301166534
GORO,2.1600000858306885,1998375.0522136688
NMAD,3.890000104904175,1967349.9512672424
GETY,0.47519999742507935,1960377.5419294834
FBIO,2.7899999618530273,1959447.6632089615
HOVR,1.909999966621399,1940321.966457367
CGC,0.9316999912261963,1937166.0519838333
NFGC,1.5399999618530273,1932794.980108738
ALDX,1.600000023841858,1922530.0539255142
ZIP,4.25,1920360.0469589233
SABS,3.7699999809265137,1910930.9801101685
IVVD,0.6043999791145325,1907963.1479740143
FINV,4.889999866485596,1900475.0
SNDL,1.2100000381469727,1895167.9576396942
IGR,4.690000057220459,1893155.9085845947
PNNT,3.4800000190734863,1889248.031425476
LDI,1.0399999618530273,1872976.0079741478
TCPC,3.5,1868631.9945335388
WHWK,4.070000171661377,1858975.9494781494
DFDV,2.799999952316284,1850001.9262313843
INO,0.6769999861717224,1818168.0536270142
THRY,2.444999933242798,1776774.513220787
HSLV,4.860000133514404,1769355.057477951
IPSC,1.9600000381469727,1758694.9590921402
NKTX,2.200000047683716,1756862.9759788513
AIRS,4.949999809265137,1747923.9130973816
TMCI,4.78000020980835,1743663.9835357666
RC,1.5399999618530273,1740367.9848194122
ACRE,4.699999809265137,1737119.9295043945
KIDZ,0.4359999895095825,1725221.4176476002
TARA,4.0,1706255.0973892212
VVR,2.9800000190734863,1681280.0216674805
SSP,2.869999885559082,1640314.0052318573
QTRX,3.759999990463257,1639344.031906128
CAN,0.19709999859333038,1638934.952840209
ACH,2.9600000381469727,1631115.9672021866
ORGO,2.369999885559082,1626880.012512207
AUTL,1.899999976158142,1624542.0424461365
BXBL,4.440000057220459,1611844.013786316
IFRX,1.7699999809265137,1606878.046309948
PROK,1.6699999570846558,1605906.0047268867
VWAV,1.2999999523162842,1602440.0472640991
KSCP,1.5700000524520874,1596245.9944844246
SPRO,1.2599999904632568,1588751.9293785095
VLN,1.690000057220459,1584689.98503685
STXS,1.3899999856948853,1583819.9580430984
VOXR,4.929999828338623,1581220.0593948364
RBBN,2.1500000953674316,1576431.9149017334
SMRT,1.2999999523162842,1570452.3782491684
EARN,4.269999980926514,1556347.6465702057
STFS,3.6500000953674316,1554650.0778198242
ELPW,0.14100000262260437,1537250.0
CVGI,3.799999952316284,1531264.0065193176
CNTN,1.899999976158142,1528198.0734825134
GLND,2.25,1528114.0537261963
AMTX,1.5499999523162842,1527354.0320634842
QNC,2.190000057220459,1520475.0
PEPG,1.9800000190734863,1517480.9885144234
AVIR,4.75,1515408.053970337
IKT,2.4000000953674316,1513408.0261230469
TNYA,0.7846999764442444,1503489.5429611206
SRFM,0.8271999955177307,1497852.01638937
CMRC,3.4100000858306885,1482505.510854721
RMNI,4.789999961853027,1481561.9940757751
GALT,3.0899999141693115,1436435.0728988647
TTGT,4.440000057220459,1421784.0109348297
ENGN,1.7999999523162842,1419704.0036201477
LZM,3.950000047683716,1415000.995516777
CDXS,1.4500000476837158,1394379.9488544464
AMCI,4.809999942779541,1392580.027103424
LAB,0.7840999960899353,1390663.9924645424
CPSH,4.349999904632568,1379814.0741348267
GGT,4.150000095367432,1371821.078300476
ALXO,1.9199999570846558,1364984.040260315
SPWR,0.2676999866962433,1357697.5811958313
RPAY,4.0,1351393.9445018768
NIXX,0.534500002861023,1351013.9830470085
VTAK,0.2759999930858612,1347192.0057356358
USDE,2.4600000381469727,1344616.0387516022
PRQR,1.9700000286102295,1319240.021944046
KUST,1.399999976158142,1318386.9801998138
PLX,2.440000057220459,1308762.0629310608
VFF,1.9500000476837158,1304919.9876785278
CPHI,1.2599999904632568,1298309.952378273
GCTK,0.5249999761581421,1289674.1882383823
OSUR,4.150000095367432,1282280.9885978699
BDTX,1.7899999618530273,1267677.972984314
PRLD,4.539999961853027,1267392.9614543915
BCYC,3.9700000286102295,1263952.0183563232
SND,4.179999828338623,1259568.622303009
AIB,1.899999976158142,1256948.0244636536
BJDX,1.2400000095367432,1241779.9642682076
HCAT,2.390000104904175,1241459.98442173
AIAI,4.179999828338623,1241423.959350586
LUCD,1.0,1240056.0492753983
DHY,1.75,1239899.12378788
EMPD,2.8499999046325684,1238239.9625778198
POWW,2.1700000762939453,1229891.9948101044
JELD,1.809999942779541,1222415.9551620483
THM,2.119999885559082,1213170.037150383
CMTG,1.7000000476837158,1209781.2339334488
MMT,4.380000114440918,1202483.0364704132
EXFY,2.0199999809265137,1199363.9807224274
CNDT,1.7200000286102295,1189551.9850730896
COSM,0.21480000019073486,1185217.1973466873
CRMT,3.4100000858306885,1182546.0277318954
HIX,3.930000066757202,1178346.9495534897
SKYX,1.149999976158142,1178059.9755764008
VFS,3.200000047683716,1176384.9816083908
PYPD,4.599999904632568,1176328.0360221863
FF,4.949999809265137,1172170.0191497803
VMAR,0.6644999980926514,1146428.982782364
ELTX,3.190000057220459,1139319.980597496
NMRA,1.6100000143051147,1137359.9644899368
EPM,3.5,1134828.977394104
ASTI,3.240000009536743,1131900.0
EQ,2.190000057220459,1128270.0490951538
PLG,1.4900000095367432,1106375.0
GUTS,0.6850000023841858,1101920.0164198875
NAUT,0.9300000071525574,1094782.0370674133
PEW,2.630000114440918,1088594.9796438217
ELAB,0.9797999858856201,1086014.9506807327
ANVS,1.8700000047683716,1085934.0059518814
API,4.130000114440918,1080030.0197601318
OMH,0.11999999731779099,1078611.2879112363
CIRC,0.6776999831199646,1071832.1913599968
INVZ,0.4011000096797943,1069387.0266377926
COYA,4.550000190734863,1065216.0278320312
TUYA,1.7400000095367432,1064973.9828824997
MIST,1.1449999809265137,1060051.9536972046
CRDL,1.340000033378601,1053514.978158474
CIK,2.440000057220459,1048909.4512939453
ENHA,2.680000066757202,1047335.9933853149
NPWR,1.5199999809265137,1047024.96778965
NNOX,1.0,1029323.1758117676
NCMI,4.090000152587891,1027763.0586624146
ZONE,0.3059999942779541,1027651.1564254761
LCTX,1.1399999856948853,1024596.0407137871
IBIO,1.399999976158142,1020039.9826288223
FHTX,4.880000114440918,987462.0285987854
CRDF,0.9549999833106995,982260.0173473358
ADCT,1.0700000524520874,975880.0075054169
BHR,2.049999952316284,973349.9729633331
WRAP,1.9299999475479126,972593.9804434776
ZBAO,0.22830000519752502,971925.501614809
ACTG,4.539999961853027,967050.0
CING,4.940000057220459,965736.0321044922
CNTX,0.6930000185966492,962805.8172702789
JRVR,4.699999809265137,957958.0277442932
ATLX,2.9700000286102295,952215.017080307
